[
  {
    "IP": "192.168.1.0:8000",
    "User": "ssh_username_here",
    "PW": "abc123",
    "Commands": [
      "command1",
      "command2",
      "do something again"
    ],
    "RunTime": "9:46 PM"
  },
  {
    "IP": "192.168.1.1:8000",
    "User": "ssh_username_here",
    "PW": "abc123",
    "Commands": [
      "command1",
      "command2",
      "do something again"
    ],
    "RunTime": "9:46 PM"
  },
  {
    "IP": "192.168.1.2:8000",
    "User": "ssh_username_here",
    "PW": "abc123",
    "Commands": [
      "command1",
      "command2",
      "do something again"
    ],
    "RunTime": "9:46 PM"
  },
  {
    "IP": "192.168.1.3:8000",
    "User": "ssh_username_here",
    "PW": "abc123",
    "Commands": [
      "command1",
      "command2",
      "do something again"
    ],
    "RunTime": "9:46 PM"
  },
  {
    "IP": "192.168.1.4:8000",
    "User": "ssh_username_here",
    "PW": "abc123",
    "Commands": [
      "command1",
      "command2",
      "do something again"
    ],
    "RunTime": "9:46 PM"
  }
]